Brand,Category,Unnamed: 2,text,Predicted_Category
Zara,Shopping,,Bought in Zara for 100,Shopping
H&M,Shopping,,Bought in H&M for 100,Shopping
Forever 21,Shopping,,Bought in Forever 21 for 100,Shopping
Biba,Shopping,,Bought in Biba for 100,Shopping
Pantaloons,Shopping,,Bought in Pantaloons for 100,Shopping
Nike,Shopping,,Bought in Nike for 100,Shopping
Adidas,Shopping,,Bought in Adidas for 100,Shopping
Puma,Shopping,,Bought in Puma for 100,Shopping
Levi's,Shopping,,Bought in Levi's for 100,Shopping
Louis Vuitton,Shopping,,Bought in Louis Vuitton for 100,Shopping
Gucci,Shopping,,Bought in Gucci for 100,Shopping
Mango,Shopping,,Bought in Mango for 100,Food / Dining
Marks & Spencer,Shopping,,Bought in Marks & Spencer for 100,Shopping
Sephora,Shopping,,Bought in Sephora for 100,Shopping
Flipkart,Shopping,,Bought in Flipkart for 100,Shopping
Amazon,Shopping,,Bought in Amazon for 100,Entertainment
Myntra,Shopping,,Bought in Myntra for 100,Shopping
ASOS,Shopping,,Bought in ASOS for 100,Shopping
Shein,Shopping,,Bought in Shein for 100,Shopping
Coach,Shopping,,Bought in Coach for 100,Shopping
Michael Kors,Shopping,,Bought in Michael Kors for 100,Shopping
Prada,Shopping,,Bought in Prada for 100,Shopping
FabIndia,Shopping,,Bought in FabIndia for 100,Shopping
W for Woman,Shopping,,Bought in W for Woman for 100,Shopping
Manyavar,Shopping,,Bought in Manyavar for 100,Shopping
Shoppers Stop,Shopping,,Bought in Shoppers Stop for 100,Shopping
Westside,Shopping,,Bought in Westside for 100,Shopping
Lifestyle,Shopping,,Bought in Lifestyle for 100,Shopping
Reliance Trends,Shopping,,Bought in Reliance Trends for 100,Shopping
Max Fashion,Shopping,,Bought in Max Fashion for 100,Shopping
H&M India,Shopping,,Bought in H&M India for 100,Shopping
Zara India,Shopping,,Bought in Zara India for 100,Shopping
Forever 21,Shopping,,Bought in Forever 21 for 100,Shopping
Marks & Spencer India,Shopping,,Bought in Marks & Spencer India for 100,Shopping
Nike India,Shopping,,Bought in Nike India for 100,Shopping
Adidas India,Shopping,,Bought in Adidas India for 100,Shopping
Puma India,Shopping,,Bought in Puma India for 100,Shopping
Reebok India,Shopping,,Bought in Reebok India for 100,Shopping
Woodland,Shopping,,Bought in Woodland for 100,Shopping
Bata,Shopping,,Bought in Bata for 100,Transport
Clarks India,Shopping,,Bought in Clarks India for 100,Shopping
Fila India,Shopping,,Bought in Fila India for 100,Shopping
Skechers India,Shopping,,Bought in Skechers India for 100,Shopping
Ajio,Shopping,,Bought in Ajio for 100,Shopping
Limeroad,Shopping,,Bought in Limeroad for 100,Shopping
Koovs,Shopping,,Bought in Koovs for 100,Shopping
Nykaa Fashion,Shopping,,Bought in Nykaa Fashion for 100,Shopping
ShopClues,Shopping,,Bought in ShopClues for 100,Shopping
Big Bazaar,Shopping,,Bought in Big Bazaar for 100,Food / Dining
Reliance Digital,Shopping,,Bought in Reliance Digital for 100,Entertainment
Sephora India,Shopping,,Bought in Sephora India for 100,Shopping
Hush Puppies,Shopping,,Bought in Hush Puppies for 100,Shopping
Tommy Hilfiger India,Shopping,,Bought in Tommy Hilfiger India for 100,Shopping
UCB (United Colors of Benetton) India,Shopping,,Bought in UCB (United Colors of Benetton) India for 100,Shopping
Lee India,Shopping,,Bought in Lee India for 100,Shopping
Wrangler India,Shopping,,Bought in Wrangler India for 100,Shopping
Levis India,Shopping,,Bought in Levis India for 100,Shopping
Cotton On,Shopping,,Bought in Cotton On for 100,Shopping
Country Road,Shopping,,Bought in Country Road for 100,Shopping
Witchery,Shopping,,Bought in Witchery for 100,Shopping
Sportsgirl,Shopping,,Bought in Sportsgirl for 100,Shopping
Bonds,Shopping,,Bought in Bonds for 100,Shopping
Big W,Shopping,,Bought in Big W for 100,Shopping
Kmart Australia,Shopping,,Bought in Kmart Australia for 100,Shopping
Myer,Shopping,,Bought in Myer for 100,Shopping
David Jones,Shopping,,Bought in David Jones for 100,Shopping
Target Australia,Shopping,,Bought in Target Australia for 100,Shopping
Peter Alexander,Shopping,,Bought in Peter Alexander for 100,Shopping
Glue Store,Shopping,,Bought in Glue Store for 100,Shopping
The Iconic,Shopping,,Bought in The Iconic for 100,Shopping
ASOS Australia,Shopping,,Bought in ASOS Australia for 100,Shopping
Zara Australia,Shopping,,Bought in Zara Australia for 100,Shopping
H&M Australia,Shopping,,Bought in H&M Australia for 100,Shopping
Forever New,Shopping,,Bought in Forever New for 100,Shopping
Lorna Jane,Shopping,,Bought in Lorna Jane for 100,Shopping
Nike Australia,Shopping,,Bought in Nike Australia for 100,Shopping
Adidas Australia,Shopping,,Bought in Adidas Australia for 100,Shopping
Puma Australia,Shopping,,Bought in Puma Australia for 100,Shopping
Reebok Australia,Shopping,,Bought in Reebok Australia for 100,Shopping
Skechers Australia,Shopping,,Bought in Skechers Australia for 100,Shopping
Platypus Shoes,Shopping,,Bought in Platypus Shoes for 100,Shopping
RM Williams,Shopping,,Bought in RM Williams for 100,Shopping
Just Jeans,Shopping,,Bought in Just Jeans for 100,Shopping
Cotton On Kids,Shopping,,Bought in Cotton On Kids for 100,Shopping
Peter Sheppard,Shopping,,Bought in Peter Sheppard for 100,Shopping
Mimco,Shopping,,Bought in Mimco for 100,Shopping
Oroton,Shopping,,Bought in Oroton for 100,Shopping
Seed Heritage,Shopping,,Bought in Seed Heritage for 100,Shopping
Taobao,Shopping,,Bought in Taobao for 100,Food / Dining
Tmall,Shopping,,Bought in Tmall for 100,Shopping
JD.com,Shopping,,Bought in JD.com for 100,Entertainment
Shein,Shopping,,Bought in Shein for 100,Shopping
Li-Ning,Shopping,,Bought in Li-Ning for 100,Shopping
Anta,Shopping,,Bought in Anta for 100,Shopping
Bosideng,Shopping,,Bought in Bosideng for 100,Shopping
Peacebird,Shopping,,Bought in Peacebird for 100,Shopping
361 Degrees,Shopping,,Bought in 361 Degrees for 100,Utility
Semir,Shopping,,Bought in Semir for 100,Shopping
Charles & Keith,Shopping,,Bought in Charles & Keith for 100,Shopping
Love Bonito,Shopping,,Bought in Love Bonito for 100,Food / Dining
Zalora Singapore,Shopping,,Bought in Zalora Singapore for 100,Shopping
Giordano Singapore,Shopping,,Bought in Giordano Singapore for 100,Shopping
Cotton On Singapore,Shopping,,Bought in Cotton On Singapore for 100,Shopping
Pedro,Shopping,,Bought in Pedro for 100,Shopping
Metro Singapore,Shopping,,Bought in Metro Singapore for 100,Transport
Robinsons Singapore,Shopping,,Bought in Robinsons Singapore for 100,Shopping
Forever 21 SG,Shopping,,Bought in Forever 21 SG for 100,Shopping
StyleNanda,Shopping,,Bought in StyleNanda for 100,Shopping
Mixxmix,Shopping,,Bought in Mixxmix for 100,Entertainment
KAKAO Friends Store,Shopping,,Bought in KAKAO Friends Store for 100,Food / Dining
Musinsa,Shopping,,Bought in Musinsa for 100,Food / Dining
Gentle Monster,Shopping,,Bought in Gentle Monster for 100,Shopping
SPAO,Shopping,,Bought in SPAO for 100,Transport
8Seconds,Shopping,,Bought in 8Seconds for 100,Utility
Uniqlo Korea,Shopping,,Bought in Uniqlo Korea for 100,Shopping
Nike Korea,Shopping,,Bought in Nike Korea for 100,Shopping
Adidas Korea,Shopping,,Bought in Adidas Korea for 100,Shopping
Padini,Shopping,,Bought in Padini for 100,Shopping
Vincci,Shopping,,Bought in Vincci for 100,Shopping
Zalora Malaysia,Shopping,,Bought in Zalora Malaysia for 100,Shopping
Bonia,Shopping,,Bought in Bonia for 100,Shopping
H&M Malaysia,Shopping,,Bought in H&M Malaysia for 100,Shopping
Uniqlo Malaysia,Shopping,,Bought in Uniqlo Malaysia for 100,Shopping
Levi’s Malaysia,Shopping,,Bought in Levi’s Malaysia for 100,Shopping
Brands Outlet Malaysia,Shopping,,Bought in Brands Outlet Malaysia for 100,Shopping
Parkson Malaysia,Shopping,,Bought in Parkson Malaysia for 100,Shopping
Zara UAE,Shopping,,Bought in Zara UAE for 100,Shopping
H&M UAE,Shopping,,Bought in H&M UAE for 100,Shopping
Namshi,Shopping,,Bought in Namshi for 100,Shopping
Splash,Shopping,,Bought in Splash for 100,Shopping
Max Fashion,Shopping,,Bought in Max Fashion for 100,Shopping
Centrepoint,Shopping,,Bought in Centrepoint for 100,Shopping
Lifestyle UAE,Shopping,,Bought in Lifestyle UAE for 100,Shopping
Forever 21 UAE,Shopping,,Bought in Forever 21 UAE for 100,Shopping
Nike UAE,Shopping,,Bought in Nike UAE for 100,Shopping
Adidas UAE,Shopping,,Bought in Adidas UAE for 100,Shopping
Puma UAE,Shopping,,Bought in Puma UAE for 100,Shopping
Reebok UAE,Shopping,,Bought in Reebok UAE for 100,Shopping
Skechers UAE,Shopping,,Bought in Skechers UAE for 100,Shopping
Stradivarius UAE,Shopping,,Bought in Stradivarius UAE for 100,Shopping
Bershka UAE,Shopping,,Bought in Bershka UAE for 100,Shopping
Mango UAE,Shopping,,Bought in Mango UAE for 100,Shopping
Massimo Dutti UAE,Shopping,,Bought in Massimo Dutti UAE for 100,Shopping
The Toy Store,Shopping,,Bought in The Toy Store for 100,Shopping
Choithrams,Shopping,,Bought in Choithrams for 100,Shopping
Carrefour,Shopping,,Bought in Carrefour for 100,Shopping
Sun & Sand Sports,Shopping,,Bought in Sun & Sand Sports for 100,Shopping
Faces,Shopping,,Bought in Faces for 100,Shopping
IKEA,Shopping,,Bought in IKEA for 100,Shopping
Bloomingdale's Dubai,Shopping,,Bought in Bloomingdale's Dubai for 100,Shopping
Harvey Nichols Dubai,Shopping,,Bought in Harvey Nichols Dubai for 100,Shopping
Robinsons Dubai,Shopping,,Bought in Robinsons Dubai for 100,Shopping
Le Marche,Shopping,,Bought in Le Marche for 100,Shopping
Huda Beauty,Shopping,,Bought in Huda Beauty for 100,Shopping
Sephora UAE,Shopping,,Bought in Sephora UAE for 100,Shopping
Zara Europe,Shopping,,Bought in Zara Europe for 100,Shopping
H&M Europe,Shopping,,Bought in H&M Europe for 100,Shopping
Mango Europe,Shopping,,Bought in Mango Europe for 100,Shopping
Topshop,Shopping,,Bought in Topshop for 100,Shopping
Marks & Spencer,Shopping,,Bought in Marks & Spencer for 100,Shopping
Primark,Shopping,,Bought in Primark for 100,Shopping
Bershka Europe,Shopping,,Bought in Bershka Europe for 100,Shopping
Stradivarius Europe,Shopping,,Bought in Stradivarius Europe for 100,Shopping
Massimo Dutti Europe,Shopping,,Bought in Massimo Dutti Europe for 100,Shopping
C&A Europe,Shopping,,Bought in C&A Europe for 100,Shopping
Decathlon Europe,Shopping,,Bought in Decathlon Europe for 100,Shopping
Foot Locker Europe,Shopping,,Bought in Foot Locker Europe for 100,Shopping
Nike Europe,Shopping,,Bought in Nike Europe for 100,Shopping
Adidas Europe,Shopping,,Bought in Adidas Europe for 100,Shopping
Puma Europe,Shopping,,Bought in Puma Europe for 100,Shopping
Reebok Europe,Shopping,,Bought in Reebok Europe for 100,Shopping
Louis Vuitton Europe,Shopping,,Bought in Louis Vuitton Europe for 100,Shopping
Gucci Europe,Shopping,,Bought in Gucci Europe for 100,Shopping
Prada Europe,Shopping,,Bought in Prada Europe for 100,Shopping
Chanel Europe,Shopping,,Bought in Chanel Europe for 100,Shopping
H&M Home,Shopping,,Bought in H&M Home for 100,Shopping
Zalando,Shopping,,Bought in Zalando for 100,Shopping
Woolworths South Africa,Shopping,,Bought in Woolworths South Africa for 100,Shopping
Mr Price,Shopping,,Bought in Mr Price for 100,Shopping
Edgars South Africa,Shopping,,Bought in Edgars South Africa for 100,Shopping
Pick n Pay Clothing,Shopping,,Bought in Pick n Pay Clothing for 100,Shopping
Game Stores,Shopping,,Bought in Game Stores for 100,Shopping
Truworths,Shopping,,Bought in Truworths for 100,Shopping
Superbalist,Shopping,,Bought in Superbalist for 100,Shopping
Jumia Fashion,Shopping,,Bought in Jumia Fashion for 100,Shopping
Zara Africa,Shopping,,Bought in Zara Africa for 100,Shopping
H&M Africa,Shopping,,Bought in H&M Africa for 100,Shopping
Adidas Africa,Shopping,,Bought in Adidas Africa for 100,Shopping
Nike Africa,Shopping,,Bought in Nike Africa for 100,Shopping
PUMA Africa,Shopping,,Bought in PUMA Africa for 100,Shopping
Levi’s Africa,Shopping,,Bought in Levi’s Africa for 100,Shopping
Mr Price Sport,Shopping,,Bought in Mr Price Sport for 100,Shopping
Decathlon Africa,Shopping,,Bought in Decathlon Africa for 100,Shopping
African fashion labels,Shopping,,Bought in African fashion labels for 100,Shopping
McDonald's India,Food / Dining,,Bought in McDonald's India for 100,Food / Dining
KFC India,Food / Dining,,Bought in KFC India for 100,Food / Dining
Domino's Pizza India,Food / Dining,,Bought in Domino's Pizza India for 100,Food / Dining
Pizza Hut India,Food / Dining,,Bought in Pizza Hut India for 100,Food / Dining
Burger King India,Food / Dining,,Bought in Burger King India for 100,Food / Dining
Starbucks India,Food / Dining,,Bought in Starbucks India for 100,Food / Dining
Cafe Coffee Day (CCD),Food / Dining,,Bought in Cafe Coffee Day (CCD) for 100,Food / Dining
Barista India,Food / Dining,,Bought in Barista India for 100,Food / Dining
Haldiram's,Food / Dining,,Bought in Haldiram's for 100,Food / Dining
Bikanervala,Food / Dining,,Bought in Bikanervala for 100,Food / Dining
Rajdhani Thali,Food / Dining,,Bought in Rajdhani Thali for 100,Food / Dining
Saravana Bhavan,Food / Dining,,Bought in Saravana Bhavan for 100,Food / Dining
Sagar Ratna,Food / Dining,,Bought in Sagar Ratna for 100,Food / Dining
Moti Mahal,Food / Dining,,Bought in Moti Mahal for 100,Food / Dining
Paradise Biryani,Food / Dining,,Bought in Paradise Biryani for 100,Food / Dining
Oh! Calcutta,Food / Dining,,Bought in Oh! Calcutta for 100,Food / Dining
Mainland China,Food / Dining,,Bought in Mainland China for 100,Shopping
Theobroma,Food / Dining,,Bought in Theobroma for 100,Food / Dining
Wow! Momo,Food / Dining,,Bought in Wow! Momo for 100,Food / Dining
Faasos,Food / Dining,,Bought in Faasos for 100,Transport
Zomato,Food / Dining,,Bought in Zomato for 100,Food / Dining
Swiggy,Food / Dining,,Bought in Swiggy for 100,Food / Dining
Box8,Food / Dining,,Bought in Box8 for 100,Food / Dining
Behrouz Biryani,Food / Dining,,Bought in Behrouz Biryani for 100,Food / Dining
Cafe Mocha,Food / Dining,,Bought in Cafe Mocha for 100,Food / Dining
Barbeque Nation,Food / Dining,,Bought in Barbeque Nation for 100,Food / Dining
Goli Vada Pav,Food / Dining,,Bought in Goli Vada Pav for 100,Food / Dining
Cream Stone,Food / Dining,,Bought in Cream Stone for 100,Food / Dining
Anand Sweets & Savories,Food / Dining,,Bought in Anand Sweets & Savories for 100,Food / Dining
Kailash Parbat,Food / Dining,,Bought in Kailash Parbat for 100,Food / Dining
Cafe Coffee World,Food / Dining,,Bought in Cafe Coffee World for 100,Food / Dining
Indian Coffee House,Food / Dining,,Bought in Indian Coffee House for 100,Food / Dining
CCD Square,Food / Dining,,Bought in CCD Square for 100,Food / Dining
Barbeque Bistro,Food / Dining,,Bought in Barbeque Bistro for 100,Food / Dining
Smaaash Eats,Food / Dining,,Bought in Smaaash Eats for 100,Food / Dining
Hatti Kaapi,Food / Dining,,Bought in Hatti Kaapi for 100,Food / Dining
Murugan Idli Shop,Food / Dining,,Bought in Murugan Idli Shop for 100,Food / Dining
Saravanaa Bhavan Express,Food / Dining,,Bought in Saravanaa Bhavan Express for 100,Transport
Arya Bhavan,Food / Dining,,Bought in Arya Bhavan for 100,Food / Dining
Evergreen Restaurant,Food / Dining,,Bought in Evergreen Restaurant for 100,Food / Dining
Biryani Blues,Food / Dining,,Bought in Biryani Blues for 100,Food / Dining
Behrouz Express,Food / Dining,,Bought in Behrouz Express for 100,Transport
Oh! Biryani,Food / Dining,,Bought in Oh! Biryani for 100,Food / Dining
PizzaExpress India,Food / Dining,,Bought in PizzaExpress India for 100,Food / Dining
La Pino'z Pizza,Food / Dining,,Bought in La Pino'z Pizza for 100,Food / Dining
Oven Story Pizza,Food / Dining,,Bought in Oven Story Pizza for 100,Food / Dining
Burger Singh,Food / Dining,,Bought in Burger Singh for 100,Food / Dining
Wow! China,Food / Dining,,Bought in Wow! China for 100,Food / Dining
Mainland China Express,Food / Dining,,Bought in Mainland China Express for 100,Transport
Panda Express India,Food / Dining,,Bought in Panda Express India for 100,Food / Dining
Cafe Coffee Day Lounge,Food / Dining,,Bought in Cafe Coffee Day Lounge for 100,Food / Dining
Gloria Jean’s Coffees India,Food / Dining,,Bought in Gloria Jean’s Coffees India for 100,Food / Dining
Dunkin’ Donuts India,Food / Dining,,Bought in Dunkin’ Donuts India for 100,Food / Dining
Krispy Kreme India,Food / Dining,,Bought in Krispy Kreme India for 100,Food / Dining
Chai Point,Food / Dining,,Bought in Chai Point for 100,Food / Dining
Chaayos,Food / Dining,,Bought in Chaayos for 100,Food / Dining
Tea Trails,Food / Dining,,Bought in Tea Trails for 100,Food / Dining
The Belgian Waffle Co,Food / Dining,,Bought in The Belgian Waffle Co for 100,Food / Dining
The Chocolate Room,Food / Dining,,Bought in The Chocolate Room for 100,Food / Dining
Café Coffee Day Insta Brew,Food / Dining,,Bought in Café Coffee Day Insta Brew for 100,Food / Dining
Eat.fit,Food / Dining,,Bought in Eat.fit for 100,Food / Dining
Freshmenu,Food / Dining,,Bought in Freshmenu for 100,Food / Dining
InnerChef,Food / Dining,,Bought in InnerChef for 100,Food / Dining
Box8,Food / Dining,,Bought in Box8 for 100,Food / Dining
EatStreet,Food / Dining,,Bought in EatStreet for 100,Food / Dining
Tandoor,Food / Dining,,Bought in Tandoor for 100,Food / Dining
Kebab Xpress,Food / Dining,,Bought in Kebab Xpress for 100,Food / Dining
Urban Tadka,Food / Dining,,Bought in Urban Tadka for 100,Food / Dining
Theobroma Café,Food / Dining,,Bought in Theobroma Café for 100,Food / Dining
Mad Over Donuts,Food / Dining,,Bought in Mad Over Donuts for 100,Food / Dining
Bake Chef,Food / Dining,,Bought in Bake Chef for 100,Food / Dining
Monginis,Food / Dining,,Bought in Monginis for 100,Food / Dining
Karachi Bakery,Food / Dining,,Bought in Karachi Bakery for 100,Food / Dining
Waffle House,Food / Dining,,Bought in Waffle House for 100,Food / Dining
KFC China,Food / Dining,,Bought in KFC China for 100,Food / Dining
McDonald’s China,Food / Dining,,Bought in McDonald’s China for 100,Food / Dining
Dicos,Food / Dining,,Bought in Dicos for 100,Food / Dining
Haidilao,Food / Dining,,Bought in Haidilao for 100,Food / Dining
Xiabu Xiabu,Food / Dining,,Bought in Xiabu Xiabu for 100,Food / Dining
Yonghe King,Food / Dining,,Bought in Yonghe King for 100,Food / Dining
Luckin Coffee,Food / Dining,,Bought in Luckin Coffee for 100,Food / Dining
Starbucks China,Food / Dining,,Bought in Starbucks China for 100,Food / Dining
Pizza Hut China,Food / Dining,,Bought in Pizza Hut China for 100,Food / Dining
Meituan,Food / Dining,,Bought in Meituan for 100,Food / Dining
Ele.me,Food / Dining,,Bought in Ele.me for 100,Food / Dining
Ya Kun Kaya Toast,Food / Dining,,Bought in Ya Kun Kaya Toast for 100,Food / Dining
Toast Box,Food / Dining,,Bought in Toast Box for 100,Food / Dining
Din Tai Fung,Food / Dining,,Bought in Din Tai Fung for 100,Food / Dining
Jumbo Seafood,Food / Dining,,Bought in Jumbo Seafood for 100,Food / Dining
No Signboard Seafood,Food / Dining,,Bought in No Signboard Seafood for 100,Food / Dining
Song Fa Bak Kut Teh,Food / Dining,,Bought in Song Fa Bak Kut Teh for 100,Food / Dining
McDonald’s Singapore,Food / Dining,,Bought in McDonald’s Singapore for 100,Food / Dining
KFC Singapore,Food / Dining,,Bought in KFC Singapore for 100,Food / Dining
Starbucks Singapore,Food / Dining,,Bought in Starbucks Singapore for 100,Food / Dining
GrabFood,Food / Dining,,Bought in GrabFood for 100,Food / Dining
Deliveroo Singapore,Food / Dining,,Bought in Deliveroo Singapore for 100,Food / Dining
OldTown White Coffee,Food / Dining,,Bought in OldTown White Coffee for 100,Food / Dining
Secret Recipe,Food / Dining,,Bought in Secret Recipe for 100,Food / Dining
Marrybrown,Food / Dining,,Bought in Marrybrown for 100,Food / Dining
KFC Malaysia,Food / Dining,,Bought in KFC Malaysia for 100,Food / Dining
McDonald’s Malaysia,Food / Dining,,Bought in McDonald’s Malaysia for 100,Food / Dining
Starbucks Malaysia,Food / Dining,,Bought in Starbucks Malaysia for 100,Food / Dining
Nando’s Malaysia,Food / Dining,,Bought in Nando’s Malaysia for 100,Food / Dining
Domino’s Pizza Malaysia,Food / Dining,,Bought in Domino’s Pizza Malaysia for 100,Food / Dining
Tealive,Food / Dining,,Bought in Tealive for 100,Food / Dining
Foodpanda Malaysia,Food / Dining,,Bought in Foodpanda Malaysia for 100,Food / Dining
GrabFood Malaysia,Food / Dining,,Bought in GrabFood Malaysia for 100,Food / Dining
Lotteria,Food / Dining,,Bought in Lotteria for 100,Food / Dining
BBQ Chicken,Food / Dining,,Bought in BBQ Chicken for 100,Food / Dining
Kyochon Chicken,Food / Dining,,Bought in Kyochon Chicken for 100,Food / Dining
Paris Baguette,Food / Dining,,Bought in Paris Baguette for 100,Food / Dining
Starbucks Korea,Food / Dining,,Bought in Starbucks Korea for 100,Food / Dining
McDonald’s Korea,Food / Dining,,Bought in McDonald’s Korea for 100,Food / Dining
Ediya Coffee,Food / Dining,,Bought in Ediya Coffee for 100,Food / Dining
CU / GS25 / 7-Eleven,Food / Dining,,Bought in CU / GS25 / 7-Eleven for 100,Food / Dining
Baedal Minjok (배달의민족),Food / Dining,,Bought in Baedal Minjok (배달의민족) for 100,Food / Dining
Yogerpresso,Food / Dining,,Bought in Yogerpresso for 100,Food / Dining
Local Restaurant,Food / Dining,,Bought in Local Restaurant for 100,Food / Dining
Street Vendor,Food / Dining,,Bought in Street Vendor for 100,Food / Dining
Canteen / Cafeteria,Food / Dining,,Bought in Canteen / Cafeteria for 100,Food / Dining
Generic Food Delivery,Food / Dining,,Bought in Generic Food Delivery for 100,Food / Dining
Al Safadi,Food / Dining,,Bought in Al Safadi for 100,Food / Dining
Ravi Restaurant,Food / Dining,,Bought in Ravi Restaurant for 100,Food / Dining
Zaroob,Food / Dining,,Bought in Zaroob for 100,Food / Dining
Shakespeare and Co.,Food / Dining,,Bought in Shakespeare and Co. for 100,Shopping
Carluccio’s,Food / Dining,,Bought in Carluccio’s for 100,Food / Dining
PF Chang’s,Food / Dining,,Bought in PF Chang’s for 100,Food / Dining
McDonald’s UAE,Food / Dining,,Bought in McDonald’s UAE for 100,Food / Dining
KFC UAE,Food / Dining,,Bought in KFC UAE for 100,Food / Dining
Pizza Hut UAE,Food / Dining,,Bought in Pizza Hut UAE for 100,Food / Dining
Domino’s Pizza UAE,Food / Dining,,Bought in Domino’s Pizza UAE for 100,Food / Dining
Starbucks UAE,Food / Dining,,Bought in Starbucks UAE for 100,Food / Dining
Tim Hortons UAE,Food / Dining,,Bought in Tim Hortons UAE for 100,Food / Dining
Costa Coffee UAE,Food / Dining,,Bought in Costa Coffee UAE for 100,Food / Dining
The Cheesecake Factory UAE,Food / Dining,,Bought in The Cheesecake Factory UAE for 100,Food / Dining
Shake Shack UAE,Food / Dining,,Bought in Shake Shack UAE for 100,Food / Dining
Caribou Coffee UAE,Food / Dining,,Bought in Caribou Coffee UAE for 100,Food / Dining
Gazebo,Food / Dining,,Bought in Gazebo for 100,Food / Dining
Fatburger UAE,Food / Dining,,Bought in Fatburger UAE for 100,Food / Dining
Ravioli & Co,Food / Dining,,Bought in Ravioli & Co for 100,Food / Dining
Deliveroo UAE,Food / Dining,,Bought in Deliveroo UAE for 100,Food / Dining
Talabat,Food / Dining,,Bought in Talabat for 100,Food / Dining
Zomato UAE,Food / Dining,,Bought in Zomato UAE for 100,Food / Dining
Nando’s (South Africa),Food / Dining,,Bought in Nando’s (South Africa) for 100,Food / Dining
Steers (South Africa),Food / Dining,,Bought in Steers (South Africa) for 100,Food / Dining
Debonairs Pizza (South Africa),Food / Dining,,Bought in Debonairs Pizza (South Africa) for 100,Food / Dining
Spur Steak Ranches (South Africa),Food / Dining,,Bought in Spur Steak Ranches (South Africa) for 100,Food / Dining
Chicken Licken (South Africa),Food / Dining,,Bought in Chicken Licken (South Africa) for 100,Food / Dining
Ocean Basket (South Africa),Food / Dining,,Bought in Ocean Basket (South Africa) for 100,Food / Dining
Taste of Africa (Kenya),Food / Dining,,Bought in Taste of Africa (Kenya) for 100,Food / Dining
Java House (Kenya),Food / Dining,,Bought in Java House (Kenya) for 100,Food / Dining
KFC Africa (pan-region),Food / Dining,,Bought in KFC Africa (pan-region) for 100,Food / Dining
McDonald’s South Africa,Food / Dining,,Bought in McDonald’s South Africa for 100,Food / Dining
Mr Bigg’s (Nigeria),Food / Dining,,Bought in Mr Bigg’s (Nigeria) for 100,Food / Dining
Tastee Fried Chicken (Nigeria),Food / Dining,,Bought in Tastee Fried Chicken (Nigeria) for 100,Food / Dining
Galito’s (pan-Africa),Food / Dining,,Bought in Galito’s (pan-Africa) for 100,Food / Dining
Chicken Republic (Nigeria),Food / Dining,,Bought in Chicken Republic (Nigeria) for 100,Food / Dining
Debonairs Pizza (Nigeria),Food / Dining,,Bought in Debonairs Pizza (Nigeria) for 100,Food / Dining
Mugg & Bean (South Africa),Food / Dining,,Bought in Mugg & Bean (South Africa) for 100,Food / Dining
Wimpy (South Africa),Food / Dining,,Bought in Wimpy (South Africa) for 100,Food / Dining
PEP & Deli (Kenya),Food / Dining,,Bought in PEP & Deli (Kenya) for 100,Food / Dining
Pizza Inn (South Africa),Food / Dining,,Bought in Pizza Inn (South Africa) for 100,Food / Dining
Jumia Food (pan-Africa),Food / Dining,,Bought in Jumia Food (pan-Africa) for 100,Food / Dining
Uber Eats Africa (pan-Africa),Food / Dining,,Bought in Uber Eats Africa (pan-Africa) for 100,Food / Dining
McDonald’s Europe,Food / Dining,,Bought in McDonald’s Europe for 100,Food / Dining
KFC Europe,Food / Dining,,Bought in KFC Europe for 100,Food / Dining
Burger King Europe,Food / Dining,,Bought in Burger King Europe for 100,Food / Dining
Domino’s Pizza Europe,Food / Dining,,Bought in Domino’s Pizza Europe for 100,Food / Dining
Pizza Hut Europe,Food / Dining,,Bought in Pizza Hut Europe for 100,Food / Dining
Starbucks Europe,Food / Dining,,Bought in Starbucks Europe for 100,Food / Dining
Costa Coffee,Food / Dining,,Bought in Costa Coffee for 100,Food / Dining
Pret A Manger,Food / Dining,,Bought in Pret A Manger for 100,Food / Dining
Tim Hortons Europe,Food / Dining,,Bought in Tim Hortons Europe for 100,Food / Dining
Subway Europe,Food / Dining,,Bought in Subway Europe for 100,Transport
Vapiano,Food / Dining,,Bought in Vapiano for 100,Food / Dining
Nando’s Europe,Food / Dining,,Bought in Nando’s Europe for 100,Food / Dining
Greggs,Food / Dining,,Bought in Greggs for 100,Food / Dining
Leon,Food / Dining,,Bought in Leon for 100,Shopping
Wagamama,Food / Dining,,Bought in Wagamama for 100,Food / Dining
Five Guys Europe,Food / Dining,,Bought in Five Guys Europe for 100,Food / Dining
Le Pain Quotidien,Food / Dining,,Bought in Le Pain Quotidien for 100,Food / Dining
Paul,Food / Dining,,Bought in Paul for 100,Shopping
Spar (food section),Food / Dining,,Bought in Spar (food section) for 100,Food / Dining
Deliveroo Europe,Food / Dining,,Bought in Deliveroo Europe for 100,Food / Dining
Uber Eats Europe,Food / Dining,,Bought in Uber Eats Europe for 100,Food / Dining
Uber Eats,Food / Dining,,Bought in Uber Eats for 100,Food / Dining
DoorDash,Food / Dining,,Bought in DoorDash for 100,Food / Dining
Grubhub,Food / Dining,,Bought in Grubhub for 100,Food / Dining
Zomato,Food / Dining,,Bought in Zomato for 100,Food / Dining
Swiggy,Food / Dining,,Bought in Swiggy for 100,Food / Dining
Deliveroo,Food / Dining,,Bought in Deliveroo for 100,Food / Dining
Just Eat,Food / Dining,,Bought in Just Eat for 100,Food / Dining
Foodpanda,Food / Dining,,Bought in Foodpanda for 100,Food / Dining
Glovo,Food / Dining,,Bought in Glovo for 100,Food / Dining
Postmates,Food / Dining,,Bought in Postmates for 100,Shopping
Talabat,Food / Dining,,Bought in Talabat for 100,Food / Dining
Rappi,Food / Dining,,Bought in Rappi for 100,Food / Dining
Menulog,Food / Dining,,Bought in Menulog for 100,Food / Dining
Deliveroo Italia,Food / Dining,,Bought in Deliveroo Italia for 100,Food / Dining
Takeaway.com,Food / Dining,,Bought in Takeaway.com for 100,Food / Dining
iFood,Food / Dining,,Bought in iFood for 100,Food / Dining
Meituan,Food / Dining,,Bought in Meituan for 100,Food / Dining
Ele.me,Food / Dining,,Bought in Ele.me for 100,Food / Dining
GrabFood,Food / Dining,,Bought in GrabFood for 100,Food / Dining
Foodora,Food / Dining,,Bought in Foodora for 100,Food / Dining
Bolt Food,Food / Dining,,Bought in Bolt Food for 100,Food / Dining
Line Man,Food / Dining,,Bought in Line Man for 100,Shopping
Baemin,Food / Dining,,Bought in Baemin for 100,Transport
PedidosYa,Food / Dining,,Bought in PedidosYa for 100,Food / Dining
Mr D Food,Food / Dining,,Bought in Mr D Food for 100,Food / Dining
Otlob,Food / Dining,,Bought in Otlob for 100,Food / Dining
Zesty,Food / Dining,,Bought in Zesty for 100,Food / Dining
Ola,Transport,,Bought in Ola for 100,Transport
Uber,Transport,,Bought in Uber for 100,Transport
inDrive,Transport,,Bought in inDrive for 100,Transport
Meru Cabs,Transport,,Bought in Meru Cabs for 100,Transport
Carzonrent (EasyCabs),Transport,,Bought in Carzonrent (EasyCabs) for 100,Transport
Savaari,Transport,,Bought in Savaari for 100,Transport
Rapido,Transport,,Bought in Rapido for 100,Transport
BluSmart,Transport,,Bought in BluSmart for 100,Transport
RedBus,Transport,,Bought in RedBus for 100,Transport
AbhiBus,Transport,,Bought in AbhiBus for 100,Transport
MakeMyTrip,Transport,,Bought in MakeMyTrip for 100,Transport
Paytm Bus Booking,Transport,,Bought in Paytm Bus Booking for 100,Transport
Travelyaari,Transport,,Bought in Travelyaari for 100,Transport
ClearTrip,Transport,,Bought in ClearTrip for 100,Transport
TicketGoose,Transport,,Bought in TicketGoose for 100,Transport
eTravelSmart,Transport,,Bought in eTravelSmart for 100,Transport
VIA,Transport,,Bought in VIA for 100,Transport
Cityflo,Transport,,Bought in Cityflo for 100,Transport
DTC Bus Routes,Transport,,Bought in DTC Bus Routes for 100,Transport
Chennai-One,Transport,,Bought in Chennai-One for 100,Transport
Goibibo,Transport,,Bought in Goibibo for 100,Transport
ConfirmTkt,Transport,,Bought in ConfirmTkt for 100,Transport
Paytm Travel,Transport,,Bought in Paytm Travel for 100,Transport
Ola,Transport,,Bought in Ola for 100,Transport
Uber,Transport,,Bought in Uber for 100,Transport
inDrive,Transport,,Bought in inDrive for 100,Transport
Meru Cabs,Transport,,Bought in Meru Cabs for 100,Transport
Carzonrent (EasyCabs),Transport,,Bought in Carzonrent (EasyCabs) for 100,Transport
Savaari,Transport,,Bought in Savaari for 100,Transport
Rapido,Transport,,Bought in Rapido for 100,Transport
BluSmart,Transport,,Bought in BluSmart for 100,Transport
Jugnoo,Transport,,Bought in Jugnoo for 100,Transport
Volta,Transport,,Bought in Volta for 100,Transport
Yaary,Transport,,Bought in Yaary for 100,Transport
Fasttrack Cabs,Transport,,Bought in Fasttrack Cabs for 100,Transport
Mega Cabs,Transport,,Bought in Mega Cabs for 100,Transport
Tab Cab,Transport,,Bought in Tab Cab for 100,Transport
NTL Taxi,Transport,,Bought in NTL Taxi for 100,Transport
My Taxi India,Transport,,Bought in My Taxi India for 100,Transport
Gozo Cabs,Transport,,Bought in Gozo Cabs for 100,Transport
Spice Cab,Transport,,Bought in Spice Cab for 100,Transport
ZoomCar,Transport,,Bought in ZoomCar for 100,Transport
Zust Go,Transport,,Bought in Zust Go for 100,Transport
BroomBoom Cabs,Transport,,Bought in BroomBoom Cabs for 100,Transport
RedBus,Transport,,Bought in RedBus for 100,Transport
AbhiBus,Transport,,Bought in AbhiBus for 100,Transport
MakeMyTrip,Transport,,Bought in MakeMyTrip for 100,Transport
Paytm Bus Booking,Transport,,Bought in Paytm Bus Booking for 100,Transport
Travelyaari,Transport,,Bought in Travelyaari for 100,Transport
ClearTrip,Transport,,Bought in ClearTrip for 100,Transport
TicketGoose,Transport,,Bought in TicketGoose for 100,Transport
eTravelSmart,Transport,,Bought in eTravelSmart for 100,Transport
VIA,Transport,,Bought in VIA for 100,Transport
Cityflo,Transport,,Bought in Cityflo for 100,Transport
DTC Bus Routes,Transport,,Bought in DTC Bus Routes for 100,Transport
Chennai-One,Transport,,Bought in Chennai-One for 100,Transport
CUMTA App,Transport,,Bought in CUMTA App for 100,Transport
Namma Yatri,Transport,,Bought in Namma Yatri for 100,Transport
Namma Transit,Transport,,Bought in Namma Transit for 100,Transport
Goibibo,Transport,,Bought in Goibibo for 100,Transport
ConfirmTkt,Transport,,Bought in ConfirmTkt for 100,Transport
Paytm Travel,Transport,,Bought in Paytm Travel for 100,Transport
Uber,Transport,,Bought in Uber for 100,Transport
Lyft,Transport,,Bought in Lyft for 100,Transport
Bolt,Transport,,Bought in Bolt for 100,Transport
Cabify,Transport,,Bought in Cabify for 100,Transport
FreeNow,Transport,,Bought in FreeNow for 100,Transport
Via,Transport,,Bought in Via for 100,Transport
Gett,Transport,,Bought in Gett for 100,Transport
Curb,Transport,,Bought in Curb for 100,Transport
Ola,Transport,,Bought in Ola for 100,Transport
BlaBlaCar,Transport,,Bought in BlaBlaCar for 100,Transport
Lyft Bikes & Scooters,Transport,,Bought in Lyft Bikes & Scooters for 100,Transport
Lime,Transport,,Bought in Lime for 100,Shopping
Bird,Transport,,Bought in Bird for 100,Shopping
Tier,Transport,,Bought in Tier for 100,Transport
Spin,Transport,,Bought in Spin for 100,Transport
Moovit,Transport,,Bought in Moovit for 100,Transport
Citymapper,Transport,,Bought in Citymapper for 100,Transport
Transit App,Transport,,Bought in Transit App for 100,Transport
RedBus EU,Transport,,Bought in RedBus EU for 100,Transport
FlixBus,Transport,,Bought in FlixBus for 100,Transport
Megabus,Transport,,Bought in Megabus for 100,Transport
Amtrak,Transport,,Bought in Amtrak for 100,Transport
Eurostar,Transport,,Bought in Eurostar for 100,Transport
SNCF,Transport,,Bought in SNCF for 100,Transport
Deutsche Bahn (DB),Transport,,Bought in Deutsche Bahn (DB) for 100,Transport
Italo Treno,Transport,,Bought in Italo Treno for 100,Shopping
Trainline,Transport,,Bought in Trainline for 100,Transport
JetBlue,Transport,,Bought in JetBlue for 100,Transport
Southwest Airlines,Transport,,Bought in Southwest Airlines for 100,Transport
Delta Airlines,Transport,,Bought in Delta Airlines for 100,Transport
American Airlines,Transport,,Bought in American Airlines for 100,Transport
United Airlines,Transport,,Bought in United Airlines for 100,Transport
KLM,Transport,,Bought in KLM for 100,Transport
Air France,Transport,,Bought in Air France for 100,Transport
Ryanair,Transport,,Bought in Ryanair for 100,Transport
EasyJet,Transport,,Bought in EasyJet for 100,Transport
Norwegian Air,Transport,,Bought in Norwegian Air for 100,Transport
Allegro,Transport,,Bought in Allegro for 100,Transport
Tier Mobility,Transport,,Bought in Tier Mobility for 100,Transport
Voi,Transport,,Bought in Voi for 100,Utility
Bolt Bikes,Transport,,Bought in Bolt Bikes for 100,Transport
Didi Chuxing,Transport,,Bought in Didi Chuxing for 100,Utility
Meituan Ride,Transport,,Bought in Meituan Ride for 100,Transport
Ele.me Mobility,Transport,,Bought in Ele.me Mobility for 100,Transport
Caocao,Transport,,Bought in Caocao for 100,Food / Dining
Shouqi Limousine & Chauffeur,Transport,,Bought in Shouqi Limousine & Chauffeur for 100,Transport
Ctrip,Transport,,Bought in Ctrip for 100,Transport
12306 China Railway,Transport,,Bought in 12306 China Railway for 100,Transport
RedBus Malaysia,Transport,,Bought in RedBus Malaysia for 100,Transport
Grab Malaysia,Transport,,Bought in Grab Malaysia for 100,Transport
Maxim Malaysia,Transport,,Bought in Maxim Malaysia for 100,Shopping
Public Transport Malaysia,Transport,,Bought in Public Transport Malaysia for 100,Transport
GoKL,Transport,,Bought in GoKL for 100,Utility
Grab Singapore,Transport,,Bought in Grab Singapore for 100,Transport
ComfortDelGro,Transport,,Bought in ComfortDelGro for 100,Transport
Gojek Singapore,Transport,,Bought in Gojek Singapore for 100,Transport
SBS Transit,Transport,,Bought in SBS Transit for 100,Transport
SMRT Connect,Transport,,Bought in SMRT Connect for 100,Utility
Kakao T,Transport,,Bought in Kakao T for 100,Transport
T Map Taxi,Transport,,Bought in T Map Taxi for 100,Transport
Naver Map,Transport,,Bought in Naver Map for 100,Transport
Bada Bus,Transport,,Bought in Bada Bus for 100,Transport
Baemin Ride,Transport,,Bought in Baemin Ride for 100,Transport
Uber Korea (Limited),Transport,,Bought in Uber Korea (Limited) for 100,Transport
Olleh Taxi,Transport,,Bought in Olleh Taxi for 100,Transport
KTX App,Transport,,Bought in KTX App for 100,Utility
Local Taxi Apps,Transport,,Bought in Local Taxi Apps for 100,Transport
State Transport Info,Transport,,Bought in State Transport Info for 100,Transport
Careem UAE,Transport,,Bought in Careem UAE for 100,Utility
Ola UAE,Transport,,Bought in Ola UAE for 100,Transport
Uber UAE,Transport,,Bought in Uber UAE for 100,Transport
RTA Dubai,Transport,,Bought in RTA Dubai for 100,Transport
Talabat UAE,Transport,,Bought in Talabat UAE for 100,Food / Dining
Deliveroo UAE,Transport,,Bought in Deliveroo UAE for 100,Food / Dining
GoRide Africa,Transport,,Bought in GoRide Africa for 100,Transport
Bolt Africa,Transport,,Bought in Bolt Africa for 100,Transport
Uber Africa,Transport,,Bought in Uber Africa for 100,Transport
Oga Africa,Transport,,Bought in Oga Africa for 100,Shopping
Little Taxi / Yango Africa,Transport,,Bought in Little Taxi / Yango Africa for 100,Transport
InDrive Africa,Transport,,Bought in InDrive Africa for 100,Transport
Fast Track / Local Taxis Africa,Transport,,Bought in Fast Track / Local Taxis Africa for 100,Transport
Metro Rail Apps Africa,Transport,,Bought in Metro Rail Apps Africa for 100,Transport
MyCiti Bus Cape Town,Transport,,Bought in MyCiti Bus Cape Town for 100,Transport
City Bus Johannesburg,Transport,,Bought in City Bus Johannesburg for 100,Transport
Minibus Services Kenya,Transport,,Bought in Minibus Services Kenya for 100,Transport
Transports State Nigeria,Transport,,Bought in Transports State Nigeria for 100,Transport
BSES Delhi,Utility,,Bought in BSES Delhi for 100,Utility
Tata Power,Utility,,Bought in Tata Power for 100,Utility
Reliance Energy,Utility,,Bought in Reliance Energy for 100,Utility
Adani Electricity,Utility,,Bought in Adani Electricity for 100,Utility
MSEB / BEST Mumbai,Utility,,Bought in MSEB / BEST Mumbai for 100,Utility
BESCOM,Utility,,Bought in BESCOM for 100,Shopping
NDPL,Utility,,Bought in NDPL for 100,Utility
Torrent Power,Utility,,Bought in Torrent Power for 100,Utility
JSW Energy,Utility,,Bought in JSW Energy for 100,Utility
Punjab State Power Corporation Ltd (PSPCL),Utility,,Bought in Punjab State Power Corporation Ltd (PSPCL) for 100,Utility
Haryana DISCOM,Utility,,Bought in Haryana DISCOM for 100,Utility
Maharashtra State Electricity Distribution Company (MSEDCL),Utility,,Bought in Maharashtra State Electricity Distribution Company (MSEDCL) for 100,Utility
Jio,Utility,,Bought in Jio for 100,Utility
Airtel,Utility,,Bought in Airtel for 100,Utility
BSNL,Utility,,Bought in BSNL for 100,Utility
Vodafone Idea (Vi),Utility,,Bought in Vodafone Idea (Vi) for 100,Utility
Tata Sky / Tata Play,Utility,,Bought in Tata Sky / Tata Play for 100,Utility
Dish TV,Utility,,Bought in Dish TV for 100,Utility
Sun Direct,Utility,,Bought in Sun Direct for 100,Utility
Hathway,Utility,,Bought in Hathway for 100,Food / Dining
ACT Fibernet,Utility,,Bought in ACT Fibernet for 100,Utility
MTNL,Utility,,Bought in MTNL for 100,Utility
Indane,Utility,,Bought in Indane for 100,Transport
Bharat Gas,Utility,,Bought in Bharat Gas for 100,Utility
HP Gas,Utility,,Bought in HP Gas for 100,Utility
GAIL,Utility,,Bought in GAIL for 100,Utility
WaterBoard Apps,Utility,,Bought in WaterBoard Apps for 100,Utility
Paytm,Utility,,Bought in Paytm for 100,Utility
PhonePe,Utility,,Bought in PhonePe for 100,Utility
Google Pay,Utility,,Bought in Google Pay for 100,Utility
BHIM UPI,Utility,,Bought in BHIM UPI for 100,Utility
Amazon Pay,Utility,,Bought in Amazon Pay for 100,Utility
Mobikwik,Utility,,Bought in Mobikwik for 100,Utility
Freecharge,Utility,,Bought in Freecharge for 100,Food / Dining
PG&E,Utility,,Bought in PG&E for 100,Utility
Con Edison,Utility,,Bought in Con Edison for 100,Utility
Duke Energy,Utility,,Bought in Duke Energy for 100,Utility
Southern California Edison,Utility,,Bought in Southern California Edison for 100,Utility
National Grid (US),Utility,,Bought in National Grid (US) for 100,Utility
Xcel Energy,Utility,,Bought in Xcel Energy for 100,Utility
Comcast Xfinity,Utility,,Bought in Comcast Xfinity for 100,Utility
Verizon,Utility,,Bought in Verizon for 100,Utility
AT&T,Utility,,Bought in AT&T for 100,Transport
Spectrum (Charter),Utility,,Bought in Spectrum (Charter) for 100,Utility
PG&E,Utility,,Bought in PG&E for 100,Utility
E.ON,Utility,,Bought in E.ON for 100,Utility
EDF (Électricité de France),Utility,,Bought in EDF (Électricité de France) for 100,Utility
Enel,Utility,,Bought in Enel for 100,Utility
Iberdrola,Utility,,Bought in Iberdrola for 100,Utility
British Gas,Utility,,Bought in British Gas for 100,Utility
SSE (UK),Utility,,Bought in SSE (UK) for 100,Utility
Vattenfall,Utility,,Bought in Vattenfall for 100,Utility
E.ON Energie (Germany),Utility,,Bought in E.ON Energie (Germany) for 100,Utility
RWE,Utility,,Bought in RWE for 100,Transport
OVO Energy,Utility,,Bought in OVO Energy for 100,Utility
Octopus Energy,Utility,,Bought in Octopus Energy for 100,Utility
Engie,Utility,,Bought in Engie for 100,Utility
Veolia,Utility,,Bought in Veolia for 100,Food / Dining
Thames Water,Utility,,Bought in Thames Water for 100,Utility
Suez,Utility,,Bought in Suez for 100,Utility
Paytm (US version),Utility,,Bought in Paytm (US version) for 100,Utility
Plum (Europe),Utility,,Bought in Plum (Europe) for 100,Food / Dining
Truebill / Rocket Money (US),Utility,,Bought in Truebill / Rocket Money (US) for 100,Utility
Bill.com (US),Utility,,Bought in Bill.com (US) for 100,Utility
Eskom,Utility,,Bought in Eskom for 100,Utility
KenGen,Utility,,Bought in KenGen for 100,Utility
Umeme,Utility,,Bought in Umeme for 100,Utility
Nampower,Utility,,Bought in Nampower for 100,Utility
Water & Sewerage Corporation (Kenya),Utility,,Bought in Water & Sewerage Corporation (Kenya) for 100,Utility
Abu Dhabi Distribution Company (ADDC),Utility,,Bought in Abu Dhabi Distribution Company (ADDC) for 100,Utility
Dubai Electricity & Water Authority (DEWA),Utility,,Bought in Dubai Electricity & Water Authority (DEWA) for 100,Utility
Etisalat UAE,Utility,,Bought in Etisalat UAE for 100,Utility
Du UAE,Utility,,Bought in Du UAE for 100,Shopping
Shenzhen Power Supply Bureau,Utility,,Bought in Shenzhen Power Supply Bureau for 100,Utility
State Grid Corporation of China,Utility,,Bought in State Grid Corporation of China for 100,Utility
China Southern Power Grid,Utility,,Bought in China Southern Power Grid for 100,Utility
China Mobile,Utility,,Bought in China Mobile for 100,Utility
China Telecom,Utility,,Bought in China Telecom for 100,Utility
China Unicom,Utility,,Bought in China Unicom for 100,Utility
SingTel,Utility,,Bought in SingTel for 100,Utility
StarHub,Utility,,Bought in StarHub for 100,Utility
M1 Limited,Utility,,Bought in M1 Limited for 100,Transport
Tenaga Nasional,Utility,,Bought in Tenaga Nasional for 100,Utility
Petronas Gas,Utility,,Bought in Petronas Gas for 100,Utility
TM (Telekom Malaysia),Utility,,Bought in TM (Telekom Malaysia) for 100,Utility
Maxis,Utility,,Bought in Maxis for 100,Transport
KT Corporation,Utility,,Bought in KT Corporation for 100,Utility
SK Telecom,Utility,,Bought in SK Telecom for 100,Utility
LG U+,Utility,,Bought in LG U+ for 100,Utility
KEPCO (Korea Electric Power Corporation),Utility,,Bought in KEPCO (Korea Electric Power Corporation) for 100,Utility
K-Water,Utility,,Bought in K-Water for 100,Utility
Korea Gas Corporation,Utility,,Bought in Korea Gas Corporation for 100,Utility
Korea Telecom (KT),Utility,,Bought in Korea Telecom (KT) for 100,Utility
MPT (Korea),Utility,,Bought in MPT (Korea) for 100,Utility
Electricity Authority of North Korea,Utility,,Bought in Electricity Authority of North Korea for 100,Utility
Netflix,Entertainment,,Bought in Netflix for 100,Entertainment
Disney+ Hotstar,Entertainment,,Bought in Disney+ Hotstar for 100,Entertainment
Amazon Prime Video,Entertainment,,Bought in Amazon Prime Video for 100,Entertainment
SonyLIV,Entertainment,,Bought in SonyLIV for 100,Entertainment
ZEE5,Entertainment,,Bought in ZEE5 for 100,Transport
BookMyShow,Entertainment,,Bought in BookMyShow for 100,Entertainment
PlayStation,Entertainment,,Bought in PlayStation for 100,Entertainment
Xbox,Entertainment,,Bought in Xbox for 100,Entertainment
Steam,Entertainment,,Bought in Steam for 100,Transport
Spotify,Entertainment,,Bought in Spotify for 100,Entertainment
JioSaavn,Entertainment,,Bought in JioSaavn for 100,Utility
Apollo Hospitals,Medical,,Bought in Apollo Hospitals for 100,Medical
Fortis Healthcare,Medical,,Bought in Fortis Healthcare for 100,Medical
Max Healthcare,Medical,,Bought in Max Healthcare for 100,Medical
MedPlus,Medical,,Bought in MedPlus for 100,Medical
1mg,Medical,,Bought in 1mg for 100,Transport
Netmeds,Medical,,Bought in Netmeds for 100,Medical
PharmEasy,Medical,,Bought in PharmEasy for 100,Medical
Cure.fit,Medical,,Bought in Cure.fit for 100,Medical
Cult.fit,Medical,,Bought in Cult.fit for 100,Shopping
Byju,Education,,Bought in Byju for 100,Transport
Udemy,Education,,Bought in Udemy for 100,Education
Coursera,Education,,Bought in Coursera for 100,Shopping
Unacademy,Education,,Bought in Unacademy for 100,Shopping
Vedantu,Education,,Bought in Vedantu for 100,Food / Dining
Amazon (Books),Education,,Bought in Amazon (Books) for 100,Entertainment
Flipkart (Books),Education,,Bought in Flipkart (Books) for 100,Food / Dining
Local Bookstores,Education,,Bought in Local Bookstores for 100,Food / Dining
HDFC Bank,Financial/Investments,,Bought in HDFC Bank for 100,Financial/Investments
ICICI Bank,Financial/Investments,,Bought in ICICI Bank for 100,Financial/Investments
SBI,Financial/Investments,,Bought in SBI for 100,Utility
Zerodha,Financial/Investments,,Bought in Zerodha for 100,Utility
Groww,Financial/Investments,,Bought in Groww for 100,Utility
PolicyBazaar,Financial/Investments,,Bought in PolicyBazaar for 100,Utility
Kotak Mahindra Bank,Financial/Investments,,Bought in Kotak Mahindra Bank for 100,Financial/Investments
Axis Bank,Financial/Investments,,Bought in Axis Bank for 100,Financial/Investments
Netflix,Entertainment,,Bought in Netflix for 100,Entertainment
Hulu,Entertainment,,Bought in Hulu for 100,Entertainment
Disney+ ,Entertainment,,Bought in Disney+  for 100,Entertainment
Amazon Prime Video,Entertainment,,Bought in Amazon Prime Video for 100,Entertainment
HBO Max,Entertainment,,Bought in HBO Max for 100,Entertainment
Spotify,Entertainment,,Bought in Spotify for 100,Entertainment
Apple Music,Entertainment,,Bought in Apple Music for 100,Entertainment
PlayStation,Entertainment,,Bought in PlayStation for 100,Entertainment
Xbox,Entertainment,,Bought in Xbox for 100,Entertainment
Steam,Entertainment,,Bought in Steam for 100,Transport
AMC Theatres,Entertainment,,Bought in AMC Theatres for 100,Entertainment
Cineworld,Entertainment,,Bought in Cineworld for 100,Entertainment
CVS Health,Medical,,Bought in CVS Health for 100,Medical
Walgreens,Medical,,Bought in Walgreens for 100,Shopping
Rite Aid,Medical,,Bought in Rite Aid for 100,Medical
Mayo Clinic,Medical,,Bought in Mayo Clinic for 100,Medical
Cleveland Clinic,Medical,,Bought in Cleveland Clinic for 100,Medical
NHS (UK),Medical,,Bought in NHS (UK) for 100,Medical
Boots UK,Medical,,Bought in Boots UK for 100,Shopping
Netmeds Europe,Medical,,Bought in Netmeds Europe for 100,Medical
Coursera,Education,,Bought in Coursera for 100,Shopping
Udemy,Education,,Bought in Udemy for 100,Education
Khan Academy,Education,,Bought in Khan Academy for 100,Shopping
edX,Education,,Bought in edX for 100,Utility
Skillshare,Education,,Bought in Skillshare for 100,Utility
Amazon (Books),Education,,Bought in Amazon (Books) for 100,Entertainment
Barnes & Noble,Education,,Bought in Barnes & Noble for 100,Shopping
Hachette,Education,,Bought in Hachette for 100,Shopping
HDFC Bank US (if applicable),Financial/Investments,,Bought in HDFC Bank US (if applicable) for 100,Financial/Investments
JPMorgan Chase,Financial/Investments,,Bought in JPMorgan Chase for 100,Shopping
Bank of America,Financial/Investments,,Bought in Bank of America for 100,Financial/Investments
Goldman Sachs,Financial/Investments,,Bought in Goldman Sachs for 100,Financial/Investments
Citibank,Financial/Investments,,Bought in Citibank for 100,Financial/Investments
Barclays,Financial/Investments,,Bought in Barclays for 100,Financial/Investments
HSBC,Financial/Investments,,Bought in HSBC for 100,Financial/Investments
Deutsche Bank,Financial/Investments,,Bought in Deutsche Bank for 100,Financial/Investments
Zerodha Europe (if applicable),Financial/Investments,,Bought in Zerodha Europe (if applicable) for 100,Utility
Robinhood,Financial/Investments,,Bought in Robinhood for 100,Shopping
Vanguard,Financial/Investments,,Bought in Vanguard for 100,Transport
Fidelity,Financial/Investments,,Bought in Fidelity for 100,Utility
Netflix,Entertainment,,Bought in Netflix for 100,Entertainment
Amazon Prime Video,Entertainment,,Bought in Amazon Prime Video for 100,Entertainment
Showmax,Entertainment,,Bought in Showmax for 100,Entertainment
Disney+ ,Entertainment,,Bought in Disney+  for 100,Entertainment
Spotify,Entertainment,,Bought in Spotify for 100,Entertainment
Apple Music,Entertainment,,Bought in Apple Music for 100,Entertainment
PlayStation,Entertainment,,Bought in PlayStation for 100,Entertainment
Xbox,Entertainment,,Bought in Xbox for 100,Entertainment
iTunes,Entertainment,,Bought in iTunes for 100,Entertainment
OSN Streaming, Entertainment,,Bought in OSN Streaming for 100,Entertainment
StarzPlay, Entertainment,,Bought in StarzPlay for 100,Entertainment
Shahid,Entertainment,,Bought in Shahid for 100,Food / Dining
Dubai Opera,Entertainment,,Bought in Dubai Opera for 100,Shopping
Sephora UAE,Medical,,Bought in Sephora UAE for 100,Shopping
Aster DM Healthcare, Medical,,Bought in Aster DM Healthcare for 100,Medical
NMC Health, Medical,,Bought in NMC Health for 100,Medical
Al Zahra Hospital,Medical,,Bought in Al Zahra Hospital for 100,Medical
Mediclinic Africa,Medical,,Bought in Mediclinic Africa for 100,Medical
Netcare Africa,Medical,,Bought in Netcare Africa for 100,Medical
Dis-Chem Africa,Medical,,Bought in Dis-Chem Africa for 100,Medical
Clicks South Africa,Medical,,Bought in Clicks South Africa for 100,Shopping
Coursera,Education,,Bought in Coursera for 100,Shopping
Udemy,Education,,Bought in Udemy for 100,Education
Khan Academy,Education,,Bought in Khan Academy for 100,Shopping
edX,Education,,Bought in edX for 100,Utility
Skillshare,Education,,Bought in Skillshare for 100,Utility
Byju’s UAE,Education,,Bought in Byju’s UAE for 100,Food / Dining
Amazon Books UAE,Education,,Bought in Amazon Books UAE for 100,Entertainment
Standard Chartered Bank UAE,Financial/Investments,,Bought in Standard Chartered Bank UAE for 100,Financial/Investments
Emirates NBD,Financial/Investments,,Bought in Emirates NBD for 100,Utility
Mashreq Bank,Financial/Investments,,Bought in Mashreq Bank for 100,Financial/Investments
Absa Bank,Financial/Investments,,Bought in Absa Bank for 100,Financial/Investments
Standard Bank,Financial/Investments,,Bought in Standard Bank for 100,Financial/Investments
Ecobank Africa,Financial/Investments,,Bought in Ecobank Africa for 100,Financial/Investments
First National Bank Africa,Financial/Investments,,Bought in First National Bank Africa for 100,Financial/Investments
Fidelity Africa,Financial/Investments,,Bought in Fidelity Africa for 100,Shopping
HSBC UAE,Financial/Investments,,Bought in HSBC UAE for 100,Financial/Investments
ADCB UAE,Financial/Investments,,Bought in ADCB UAE for 100,Utility
Netflix,Entertainment,,Bought in Netflix for 100,Entertainment
iQIYI,Entertainment,,Bought in iQIYI for 100,Entertainment
Tencent Video,Entertainment,,Bought in Tencent Video for 100,Entertainment
Youku,Entertainment,,Bought in Youku for 100,Food / Dining
Disney+ ,Entertainment,,Bought in Disney+  for 100,Entertainment
Spotify,Entertainment,,Bought in Spotify for 100,Entertainment
QQ Music,Entertainment,,Bought in QQ Music for 100,Entertainment
PlayStation,Entertainment,,Bought in PlayStation for 100,Entertainment
Xbox,Entertainment,,Bought in Xbox for 100,Entertainment
Garena Free Fire,Entertainment,,Bought in Garena Free Fire for 100,Food / Dining
Hotstar Singapore,Entertainment,,Bought in Hotstar Singapore for 100,Entertainment
Viu,Entertainment,,Bought in Viu for 100,Utility
Astro Go,Entertainment,,Bought in Astro Go for 100,Entertainment
iFlix Malaysia,Entertainment,,Bought in iFlix Malaysia for 100,Entertainment
Shahid / StarzPlay UAE branch (Malaysia/SEA),Entertainment,,Bought in Shahid / StarzPlay UAE branch (Malaysia/SEA) for 100,Entertainment
Raffles Medical Singapore,Medical,,Bought in Raffles Medical Singapore for 100,Medical
Singapore General Hospital,Medical,,Bought in Singapore General Hospital for 100,Medical
National University Hospital Singapore,Medical,,Bought in National University Hospital Singapore for 100,Medical
Tan Tock Seng Hospital,Medical,,Bought in Tan Tock Seng Hospital for 100,Medical
KPJ Healthcare Malaysia,Medical,,Bought in KPJ Healthcare Malaysia for 100,Medical
Pantai Hospital Malaysia,Medical,,Bought in Pantai Hospital Malaysia for 100,Medical
Gleneagles Hospital Singapore,Medical,,Bought in Gleneagles Hospital Singapore for 100,Medical
Samsung Medical Center South Korea,Medical,,Bought in Samsung Medical Center South Korea for 100,Medical
Seoul National University Hospital,Medical,,Bought in Seoul National University Hospital for 100,Medical
Asan Medical Center South Korea,Medical,,Bought in Asan Medical Center South Korea for 100,Medical
Pyongyang Medical University Hospital,Medical,,Bought in Pyongyang Medical University Hospital for 100,Medical
Coursera,Education,,Bought in Coursera for 100,Shopping
edX,Education,,Bought in edX for 100,Utility
Udemy,Education,,Bought in Udemy for 100,Education
Byju,Education,,Bought in Byju for 100,Transport
Khan Academy (Singapore),Education,,Bought in Khan Academy (Singapore) for 100,Shopping
FutureLearn,Education,,Bought in FutureLearn for 100,Utility
Skillshare,Education,,Bought in Skillshare for 100,Utility
National University of Singapore,Education,,Bought in National University of Singapore for 100,Medical
Nanyang Technological University,Education,,Bought in Nanyang Technological University for 100,Utility
Grab Academy (Singapore),Education,,Bought in Grab Academy (Singapore) for 100,Shopping
ICBC China,Financial/Investments,,Bought in ICBC China for 100,Financial/Investments
Bank of China,Financial/Investments,,Bought in Bank of China for 100,Financial/Investments
China Construction Bank,Financial/Investments,,Bought in China Construction Bank for 100,Financial/Investments
HSBC Singapore,Financial/Investments,,Bought in HSBC Singapore for 100,Financial/Investments
DBS Bank Singapore,Financial/Investments,,Bought in DBS Bank Singapore for 100,Financial/Investments
UOB Singapore,Financial/Investments,,Bought in UOB Singapore for 100,Financial/Investments
Maybank Malaysia,Financial/Investments,,Bought in Maybank Malaysia for 100,Financial/Investments
CIMB Bank Malaysia,Financial/Investments,,Bought in CIMB Bank Malaysia for 100,Financial/Investments
Standard Chartered Malaysia,Financial/Investments,,Bought in Standard Chartered Malaysia for 100,Transport
Shinhan Bank South Korea,Financial/Investments,,Bought in Shinhan Bank South Korea for 100,Financial/Investments
Kookmin Bank South Korea,Financial/Investments,,Bought in Kookmin Bank South Korea for 100,Financial/Investments
Hana Bank South Korea,Financial/Investments,,Bought in Hana Bank South Korea for 100,Financial/Investments
Foreign Bank in North Korea,Financial/Investments,,Bought in Foreign Bank in North Korea for 100,Financial/Investments
BigBasket,Grocery,,Bought in BigBasket for 100,Shopping
Grofers (Blinkit),Grocery,,Bought in Grofers (Blinkit) for 100,Food / Dining
Amazon Fresh,Grocery,,Bought in Amazon Fresh for 100,Food / Dining
JioMart,Grocery,,Bought in JioMart for 100,Transport
Flipkart Supermart,Grocery,,Bought in Flipkart Supermart for 100,Entertainment
Instacart,Grocery,,Bought in Instacart for 100,Utility
Walmart Grocery,Grocery,,Bought in Walmart Grocery for 100,Food / Dining
Kroger,Grocery,,Bought in Kroger for 100,Food / Dining
Shipt,Grocery,,Bought in Shipt for 100,Transport
Ocado,Grocery,,Bought in Ocado for 100,Food / Dining
Tesco Grocery,Grocery,,Bought in Tesco Grocery for 100,Food / Dining
Carrefour,Grocery,,Bought in Carrefour for 100,Shopping
Sainsbury’s,Grocery,,Bought in Sainsbury’s for 100,Food / Dining
Asda Grocery,Grocery,,Bought in Asda Grocery for 100,Food / Dining
Pick n Pay Online,Grocery,,Bought in Pick n Pay Online for 100,Entertainment
Shoprite Online,Grocery,,Bought in Shoprite Online for 100,Entertainment
Woolworths Online,Grocery,,Bought in Woolworths Online for 100,Entertainment
Waitrose Online,Grocery,,Bought in Waitrose Online for 100,Entertainment
Carrefour UAE,Grocery,,Bought in Carrefour UAE for 100,Shopping
Spinneys UAE,Grocery,,Bought in Spinneys UAE for 100,Food / Dining
Choithrams UAE,Grocery,,Bought in Choithrams UAE for 100,Shopping
Tmall Grocery,Grocery,,Bought in Tmall Grocery for 100,Food / Dining
JD.com Grocery,Grocery,,Bought in JD.com Grocery for 100,Food / Dining
Hema (Freshippo),Grocery,,Bought in Hema (Freshippo) for 100,Utility
RedMart,Grocery,,Bought in RedMart for 100,Entertainment
FairPrice Online,Grocery,,Bought in FairPrice Online for 100,Entertainment
Amazon.sg Grocery,Grocery,,Bought in Amazon.sg Grocery for 100,Food / Dining
HappyFresh,Grocery,,Bought in HappyFresh for 100,Food / Dining
Tesco Online Malaysia,Grocery,,Bought in Tesco Online Malaysia for 100,Entertainment
RedMart Malaysia,Grocery,,Bought in RedMart Malaysia for 100,Grocery
Market Kurly,Grocery,,Bought in Market Kurly for 100,Food / Dining
Coupang Grocery,Grocery,,Bought in Coupang Grocery for 100,Food / Dining
Emart Online,Grocery,,Bought in Emart Online for 100,Entertainment
Korea Mart Online,Grocery,,Bought in Korea Mart Online for 100,Food / Dining
Pyongyang Food Delivery,Grocery,,Bought in Pyongyang Food Delivery for 100,Food / Dining
Instamart,Grocery,,Bought in Instamart for 100,Transport
Zepto,Grocery,,Bought in Zepto for 100,Utility
,,,Bought in nan for 100,Utility
,,,Bought in nan for 100,Utility
